id,title,description,availability,condition,price,link,image_link,brand,quantity_to_sell_on_facebook
mdc-9f6d4d7cbc5600d00f1d,"Jarra ""El mejor del mundo"" rellena","Jarra ""El mejor del mundo"" rellena",in stock,new,19.90 EUR,https://www.milesdecolores.com/producto/jarra-el-mejor-del-mundo-rellena,https://images.sumup.com/img_4XVG7HXHC981T9HVPX1MX8DVKH,Miles de Colores,999
mdc-4fc3c0f9bc5911933391,Cajas cumple Stranger,Escribe el nombre y dibujo que deseas en las notas del pedido al finalizar la compra. Nos pondremos en contacto contigo para confirmar el diseño.,in stock,new,2.50 EUR,https://www.milesdecolores.com/producto/cajas-cumple-stranger,https://images.sumup.com/img_3BV66WB7BQ8YJ8BSFADKNEC17W,Miles de Colores,999
mdc-9abc89bdacbbfb6e4447,Botella triatlón doble tapón,Escribe el nombre y dibujo que deseas en las notas del pedido al finalizar la compra. Nos pondremos en contacto contigo para confirmar el diseño.,in stock,new,11.90 EUR,https://www.milesdecolores.com/producto/botella-triatlon-doble-tapon,https://images.sumup.com/img_7DVBSST4F689TVP49HFDV92ECY,Miles de Colores,999
mdc-c60ec6915020b0d2f2b7,Cajas cumple Minecraft,Escribe el nombre y número que deseas en las notas del pedido al finalizar la compra. Nos pondremos en contacto contigo para confirmar el diseño.,in stock,new,2.00 EUR,https://www.milesdecolores.com/producto/cajas-cumple-minecraft,https://images.sumup.com/img_7RKNJ5J5S4848SD5RZZYHEM6XD,Miles de Colores,999
mdc-d70d36de8e6181fd7dda,Pack neceser + jarra + abridor + llavero,Escribe el nombre y dibujo que deseas en las notas del pedido al finalizar la compra. Nos pondremos en contacto contigo para confirmar el diseño.,in stock,new,38.90 EUR,https://www.milesdecolores.com/producto/pack-neceser-jarra-abridor-llavero,https://images.sumup.com/img_0TFZQXEJMP81BTKCW7BEPB3GY1,Miles de Colores,999
mdc-7c4e5ef467b67e565ad1,Cake topper número,Escribe el número que deseas en las notas del pedido al finalizar la compra. Nos pondremos en contacto contigo para confirmar el diseño.,in stock,new,11.90 EUR,https://www.milesdecolores.com/producto/cake-topper-numero,https://images.sumup.com/img_778CJQHZFK8WN93NKG8XQMKP3C,Miles de Colores,999
mdc-8bbae8ca21bd800cd049,Cartera Súper Papá,Cartera Súper Papá,in stock,new,12.90 EUR,https://www.milesdecolores.com/producto/cartera-super-papa,https://images.sumup.com/img_1KC8R246ZY9RMT27G68WN404J3,Miles de Colores,999
mdc-01ee05fb7f2d448c3735,Bola Navidad con nieve,"Una vez añadido al carrito, puedes poner en el apartado ""MENSAJE PARA EL COMERCIANTE"" el nombre para personalizarlo.",in stock,new,5.00 EUR,https://www.milesdecolores.com/producto/bola-navidad-con-nieve,https://images.sumup.com/img_6T2D76WJ118XTB9K4B4YQHH569,Miles de Colores,999
mdc-70f51b16ef6873732ae8,Llavero acero papá,Llavero acero papá,in stock,new,12.90 EUR,https://www.milesdecolores.com/producto/llavero-acero-papa,https://images.sumup.com/img_6SNN150JD48GCRGD7DB3RXSAFF,Miles de Colores,999
mdc-b91f19bb7b5e936ad0ec,Delantal papá,Delantal papá,in stock,new,16.90 EUR,https://www.milesdecolores.com/producto/delantal-papa,https://images.sumup.com/img_3KCB8FQKKC9DYSRKM4QMB8JKPD,Miles de Colores,999
mdc-b445a71ab9e0bb7962f6,Delantal papá,Delantal papá,in stock,new,16.90 EUR,https://www.milesdecolores.com/producto/delantal-papa-1,https://images.sumup.com/img_7JMZVMZ2YA8FETJ1QJPWTWX9JX,Miles de Colores,999
mdc-afb26ce08a78bbe11860,MEDALLA PAPA NOEL,MEDALLA PAPA NOEL,in stock,new,4.50 EUR,https://www.milesdecolores.com/producto/medalla-papa-noel,https://images.sumup.com/img_2XWXRAN95C861R057953CGE1KC,Miles de Colores,999
mdc-dda79b9614ee631a0f70,NECESER niño,NECESER niño,in stock,new,8.90 EUR,https://www.milesdecolores.com/producto/neceser-nino,https://images.sumup.com/img_7CE2QEX7KM8XMVM90V3D2JW3NB,Miles de Colores,999
mdc-5f20d48a71238cc4a318,MEDALLA RAMO,MEDALLA RAMO,in stock,new,12.90 EUR,https://www.milesdecolores.com/producto/medalla-ramo,https://images.sumup.com/img_6HZW50R23J9B1TKKPRWZXW7BCJ,Miles de Colores,999
mdc-fea570b1e37c87260008,SUDADERA MAMÁ,SUDADERA MAMÁ,in stock,new,25.90 EUR,https://www.milesdecolores.com/producto/sudadera-mama,https://images.sumup.com/img_103Z57VYJP8GX88YYXVYC3EZEP,Miles de Colores,999
mdc-a36b2f12bd74ceb296b9,PACK BOTELLA + TUPPER,PACK BOTELLA + TUPPER,in stock,new,21.50 EUR,https://www.milesdecolores.com/producto/pack-botella-tupper,https://images.sumup.com/img_7RCYYQBTF08HWSDY18GFN0VRN1,Miles de Colores,999
mdc-afa2a952b1d84f31cd35,TUPPER,TUPPER,in stock,new,12.90 EUR,https://www.milesdecolores.com/producto/tupper,https://images.sumup.com/img_62H24KHQAT9H89FNNYVTKHFZX5,Miles de Colores,999
mdc-f81c916f74598f3170d5,MANTEL INDIVIDUAL,MANTEL INDIVIDUAL,in stock,new,9.90 EUR,https://www.milesdecolores.com/producto/mantel-individual,https://images.sumup.com/img_2FVT8HP1MK9J793HJSD28T9Z7V,Miles de Colores,999
mdc-092226f8bc03f28ac2df,DOU DOU,DOU DOU,in stock,new,14.90 EUR,https://www.milesdecolores.com/producto/dou-dou,https://images.sumup.com/img_4FD1TYAADB9PPR09E3429YE8HD,Miles de Colores,999
mdc-ea2c2da2e48cc4278184,CHUPETERO + MORDEDOR,CHUPETERO + MORDEDOR,in stock,new,22.90 EUR,https://www.milesdecolores.com/producto/chupetero-mordedor,https://images.sumup.com/img_7ZA5SMCQ049BFRG5DTW452X801,Miles de Colores,999
mdc-f826b44ed60f4ca2b682,Taza Stranger things,Escribe el nombre y dibujo que deseas en las notas del pedido al finalizar la compra. Nos pondremos en contacto contigo para confirmar el diseño.,in stock,new,10.90 EUR,https://www.milesdecolores.com/producto/taza-stranger-things,https://images.sumup.com/img_32C6CHM99P97R8E6HSTQPB5MEH,Miles de Colores,999
mdc-250f76675b553056036f,"MARCO ""NUESTRA PRIMERA FOTO""","MARCO ""NUESTRA PRIMERA FOTO""",in stock,new,15.90 EUR,https://www.milesdecolores.com/producto/marco-nuestra-primera-foto,https://images.sumup.com/img_5T4SE2T09Q9DBS264XKPJAM7Q7,Miles de Colores,999
mdc-371f3f4ecd1f63cea7c3,"DIPLOMA ""HERMANO MAYOR""","DIPLOMA ""HERMANO MAYOR""",in stock,new,19.90 EUR,https://www.milesdecolores.com/producto/diploma-hermano-mayor,https://images.sumup.com/img_32B3P5VY6T9FQRH8JK0NB8Z21T,Miles de Colores,999
mdc-cebb4335358cd812d9fb,TAZA REYES MAGOS,TAZA REYES MAGOS,in stock,new,11.00 EUR,https://www.milesdecolores.com/producto/taza-reyes-magos,https://images.sumup.com/img_5PB7AJ28Z48X7RNF9XQMQQC9E1,Miles de Colores,999
mdc-65f3de7af0b3efa66cff,SACO REYES MAGOS,SACO REYES MAGOS,in stock,new,20.90 EUR,https://www.milesdecolores.com/producto/saco-reyes-magos,https://images.sumup.com/img_2XWX5V93XY869VVSNTSYBHZC4Q,Miles de Colores,999
mdc-ef8e24cfd3da4a11c898,SACO PAPÁ NOEL,SACO PAPÁ NOEL,in stock,new,21.90 EUR,https://www.milesdecolores.com/producto/saco-papa-noel,https://images.sumup.com/img_62BRH46F2K84HTGC13KW2R72P0,Miles de Colores,999
mdc-fd61c0140c190de73809,PIZARRA ELFOS,PIZARRA ELFOS,in stock,new,6.50 EUR,https://www.milesdecolores.com/producto/pizarra-elfos,https://images.sumup.com/img_20JBJMVKEE8CN9NTNP9V8E1V57,Miles de Colores,999
mdc-ab21db1b1ae252a9db23,Botella inicial (Evento),"IMPORTANTE: Cantidad mínimo de 15 unidades. Por debajo de esa cantidad, precio normal por unidad.Escribe los nombres que deseas en las notas del pedido al finalizar la compra. Nos pondremos en contacto contigo para confirmar el diseño.",in stock,new,5.50 EUR,https://www.milesdecolores.com/producto/botella-inicial-evento,https://images.sumup.com/img_03Z3KWGGNR8B5VZ3ZDZ7JH8G3A,Miles de Colores,999
mdc-ec35bd8de41d01d71ac6,Cartel boda,Escribe los nombres que deseas en las notas del pedido al finalizar la compra. Nos pondremos en contacto contigo para confirmar el diseño.,in stock,new,19.90 EUR,https://www.milesdecolores.com/producto/cartel-boda,https://images.sumup.com/img_351ENQ9ZSM9Z6RQ2DCNK7G8CGZ,Miles de Colores,999
mdc-39c4073d48472d205015,Cesta Fruit and company + dulces variados,Escribe el nombre que deseas en las notas del pedido al finalizar la compra. Nos pondremos en contacto para confirmar.,in stock,new,30.00 EUR,https://www.milesdecolores.com/producto/cesta-fruit-and-company-dulces-variados,https://images.sumup.com/img_6P6VZVZGJ09TXS3F2WY0W41Y4T,Miles de Colores,999
mdc-4661db6a6609199ca383,Cesta aniversario dulce y salso variado,Escribe el nombre y dibujo que deseas en las notas del pedido al finalizar la compra. Nos pondremos en contacto contigo para confirmar el diseño.,in stock,new,25.00 EUR,https://www.milesdecolores.com/producto/cesta-aniversario-dulce-y-salso-variado,https://images.sumup.com/img_0SP7ERTNN89PQ9G5PCGAK2J6CR,Miles de Colores,999
mdc-f3f27497cbec6c81e485,Tarjeta madera cumpleaños,Escribe el nombre y dibujo que deseas en las notas del pedido al finalizar la compra. Nos pondremos en contacto contigo para confirmar el diseño.,in stock,new,7.90 EUR,https://www.milesdecolores.com/producto/tarjeta-madera-cumpleanos,https://images.sumup.com/img_4M5PEZJ9CQ82ABP6JA56QANYRZ,Miles de Colores,999
mdc-2e342cabe51e3cbc9ad0,Huellas reyes magos,Huellas reyes magos,in stock,new,8.90 EUR,https://www.milesdecolores.com/producto/huellas-reyes-magos-1,https://images.sumup.com/img_293FP5W6SB99NRHETPRK37QP1E,Miles de Colores,999
mdc-a84a296928fe65f554e1,Taza entrenador rellena,Escribe el nombre y dibujo o foto que deseas en las notas del pedido al finalizar la compra. Nos pondremos en contacto contigo para confirmar el diseño.,in stock,new,16.90 EUR,https://www.milesdecolores.com/producto/taza-entrenador-rellena,https://images.sumup.com/img_0KVN507ESV8DTVZH5NC3ZMJVQZ,Miles de Colores,999
mdc-e069d1e44770b2d0a6a0,Bolsa cabalgata Reyes Magos,Escribe el nombre y rey mago que deseas en las notas del pedido al finalizar la compra. Nos pondremos en contacto contigo para confirmar el diseño.,in stock,new,10.90 EUR,https://www.milesdecolores.com/producto/bolsa-cabalgata-reyes-magos,https://images.sumup.com/img_7AFXDYMWYK9CV9P5YTNW7MVA8Y,Miles de Colores,999
mdc-10b1ef2a2fb002c4642a,Calcetín navideño,Escribe el nombre que deseas en las notas del pedido al finalizar la compra. Nos pondremos en contacto contigo para confirmar el diseño.,in stock,new,10.90 EUR,https://www.milesdecolores.com/producto/calcetin-navideno,https://images.sumup.com/img_6H7WWDERK18KCVNY6NFHKBDF79,Miles de Colores,999
mdc-161a98768cd0c19c4ae4,Taza Reyes Magos,Escribe el nombre y rey mago que deseas en las notas del pedido al finalizar la compra. Nos pondremos en contacto contigo para confirmar el diseño.,in stock,new,10.90 EUR,https://www.milesdecolores.com/producto/taza-reyes-magos-1,https://images.sumup.com/img_56A8B06KKE96YTE6T57YQHM7GD,Miles de Colores,999
mdc-14e78df75e0dcddd6529,Saco Reyes Magos,Escribe el nombre que deseas en las notas del pedido al finalizar la compra. Nos pondremos en contacto contigo para confirmar el diseño.,in stock,new,20.90 EUR,https://www.milesdecolores.com/producto/saco-reyes-magos-1,https://images.sumup.com/img_076QWA43CG8SRT4NZ2S94JG8CD,Miles de Colores,999
mdc-f4ed2dd9d4a2ab5bb381,Llave mágica Reyes Magos,Escribe el nombre y color de madera que deseas en las notas del pedido al finalizar la compra. Nos pondremos en contacto contigo para confirmar el diseño.,in stock,new,9.90 EUR,https://www.milesdecolores.com/producto/llave-magica-reyes-magos,https://images.sumup.com/img_5VFB8QY6TG8GQAQTF4MCEHCXWX,Miles de Colores,999
mdc-0bc4189739b34b4f987e,Adorno navidad cole,Escribe los nombres y cole o nombres de la clase que deseas en las notas del pedido al finalizar la compra. Nos pondremos en contacto contigo para confirmar el diseño.,in stock,new,6.50 EUR,https://www.milesdecolores.com/producto/adorno-navidad-cole,https://images.sumup.com/img_6FWNWD76ER9X6V3F0TW6S0JKF0,Miles de Colores,999
mdc-2e71cc40187d3cf0665b,Adorno nombre,Escribe el nombre que deseas en las notas del pedido al finalizar la compra. Nos pondremos en contacto contigo para confirmar el diseño.,in stock,new,5.00 EUR,https://www.milesdecolores.com/producto/adorno-nombre,https://images.sumup.com/img_2XGYQ0MH0H9CM8XCTGJEQZDSNG,Miles de Colores,999
mdc-28721368aeb7d9c0c8c6,Adorno bola roja navidad,Escribe el nombre que deseas en las notas del pedido al finalizar la compra. Nos pondremos en contacto contigo para confirmar el diseño.,in stock,new,4.50 EUR,https://www.milesdecolores.com/producto/adorno-bola-roja-navidad,https://images.sumup.com/img_0MF2BKN8A58S38ECRQPSVTH2VB,Miles de Colores,999
mdc-6a1916e186a6a598040e,Chuches navideñas,Escribe el que deseas en las notas del pedido al finalizar la compra. Nos pondremos en contacto contigo para confirmar el diseño.,in stock,new,1.20 EUR,https://www.milesdecolores.com/producto/chuches-navidenas,https://images.sumup.com/img_5X5Y9Z5PCH9TJBFRC1T26ETH57,Miles de Colores,999
mdc-04fc43001715bbe0d63d,GORRA NOMBRE,GORRA NOMBRE,in stock,new,8.00 EUR,https://www.milesdecolores.com/producto/gorra-nombre,https://images.sumup.com/img_3P485VYJ6781FR6D592F2PJ0DX,Miles de Colores,999
mdc-779cd58d61d272010b5f,Mocadorà,Escribe el nombre y dibujo que deseas en las notas del pedido al finalizar la compra. Nos pondremos en contacto contigo para confirmar el diseño.,in stock,new,9.00 EUR,https://www.milesdecolores.com/producto/mocadora,https://images.sumup.com/img_7PABEMAK7P93QTZ8JP242YG4Y4,Miles de Colores,999
mdc-c2c8c683e3b4dfe57d8b,Toalla Bluey,"Escribe el nombre, preferencia de color de toalla y dibujo que deseas en las notas del pedido al finalizar la compra. Nos pondremos en contacto contigo para confirmar el diseño.",in stock,new,9.00 EUR,https://www.milesdecolores.com/producto/toalla-bluey-1,https://images.sumup.com/img_1BZA8TF9GS9YJ9P016ZMTPDQ86,Miles de Colores,999
mdc-f6eb8ac30911b6e4c268,Cartel Natalicio LUNA,"Escribe los datos de nacimiento, dibujo y color de preferencia que deseas en las notas del pedido al finalizar la compra. Nos pondremos en contacto contigo para confirmar el diseño.",in stock,new,25.90 EUR,https://www.milesdecolores.com/producto/cartel-natalicio-luna,https://images.sumup.com/img_7TNMB1EW3J837VXWK0832V0F7J,Miles de Colores,999
mdc-8b4e2969f09f63281635,Camiseta a conjunto puzzle,Escribe el nombre y talla que deseas en las notas del pedido al finalizar la compra. Nos pondremos en contacto contigo para confirmar el diseño.,in stock,new,10.90 EUR,https://www.milesdecolores.com/producto/camiseta-a-conjunto-puzzle,https://images.sumup.com/img_1GRQHZBTR49CPRPGP366T8HZ0E,Miles de Colores,999
mdc-c757a9ecd71d2d7e583c,Camisetas a conjunto corazones,Escribe el nombre y talla que deseas en las notas del pedido al finalizar la compra. Debe añadir el número total de camisetas. Nos pondremos en contacto contigo para confirmar el diseño.,in stock,new,0.00 EUR,https://www.milesdecolores.com/producto/camisetas-a-conjunto-corazones,https://images.sumup.com/img_1TP7BS022G9EW8P4GB47EXRKV8,Miles de Colores,999
mdc-7ad0b190abac2f52f651,"Cartel pizarra ""Primer día de cole""",Escribe el nombre y color que deseas en las notas del pedido al finalizar la compra. Nos pondremos en contacto contigo para confirmar el diseño.,in stock,new,19.90 EUR,https://www.milesdecolores.com/producto/cartel-pizarra-primer-dia-de-cole,https://images.sumup.com/img_0PG13RYSTZ8VQBJ25KHZ74SDPM,Miles de Colores,999
mdc-1bc7fe0a0fa598cb3ef1,PLACA pulsera nacimiento,Medida: 15cm,in stock,new,9.90 EUR,https://www.milesdecolores.com/producto/placa-pulsera-nacimiento,https://images.sumup.com/img_28C3BGD8S28G9R1AXA76BJJH88,Miles de Colores,999
mdc-98bf9db9ddbf451b6c5c,Camiseta diamante,Camiseta diamante,in stock,new,11.00 EUR,https://www.milesdecolores.com/producto/camiseta-diamante,https://images.sumup.com/img_6RM1MTPCQ19JC8P2N8CY4S6VAR,Miles de Colores,999
mdc-cb29860fc477938d16f9,"Cajas cumple ""plim plim""",Escribe el nombre y dibujo que deseas en las notas del pedido al finalizar la compra. Nos pondremos en contacto para confirmar el diseño.,in stock,new,2.50 EUR,https://www.milesdecolores.com/producto/cajas-cumple-plim-plim,https://images.sumup.com/img_3Q9JR138A992Z9898G185ZBJ95,Miles de Colores,999
mdc-864264114bf480dd536f,Conjunto camiseta + corona,Escribe el nombre y dibujo que deseas en las notas del pedido al finalizar la compra. Nos pondremos en contacto para confirmar el diseño.,in stock,new,25.90 EUR,https://www.milesdecolores.com/producto/conjunto-camiseta-corona,https://images.sumup.com/img_7QMGWFHS3B8TNB7AFEQ03VA3AJ,Miles de Colores,999
mdc-32069a5eab1373d0ccb4,Pack fiambrera + botella termo,Escribe el nombre y dibujo que deseas en las notas del pedido al finalizar la compra. Nos pondremos en contacto para confirmar el diseño.,in stock,new,27.90 EUR,https://www.milesdecolores.com/producto/pack-fiambrera-botella-termo-1,https://images.sumup.com/img_37Y5XXQ9Q38K3SQWSKAJNN23Q1,Miles de Colores,999
mdc-0a1a45a96964bf330016,Pack fiambrera + botella termo,Escribe el nombre y dibujo que deseas en las notas del pedido al finalizar la compra. Nos pondremos en contacto para confirmar el diseño.,in stock,new,27.90 EUR,https://www.milesdecolores.com/producto/pack-fiambrera-botella-termo,https://images.sumup.com/img_4MN55WV3CK9SX81EV0MY2CXGJQ,Miles de Colores,999
mdc-8bb6a5b76caba9e33d1c,Caca de elfo,Caca de elfo,in stock,new,3.50 EUR,https://www.milesdecolores.com/producto/caca-de-elfo,https://images.sumup.com/img_1CA5QMN4NY9Q4RHS0EM6EFHPVP,Miles de Colores,999
mdc-7a298959f31c8516d22d,Juegos para elfos,Juegos para elfos,in stock,new,14.90 EUR,https://www.milesdecolores.com/producto/juegos-para-elfos,https://images.sumup.com/img_5RZ59ZQM7X9Z6VT356QJZ9G1TV,Miles de Colores,999
mdc-a7365629af3a017cf751,Saco rojo,Escribe el nombre que deseas en las notas del pedido al finalizar la compra. Nos pondremos en contacto contigo para confirmar el diseño.,in stock,new,9.90 EUR,https://www.milesdecolores.com/producto/saco-rojo,https://images.sumup.com/img_73H1N7CNH485JA41JJ0MHACCFR,Miles de Colores,999
mdc-b793dd61f1b875e14715,Cama para elfos,Cama para elfos,in stock,new,9.90 EUR,https://www.milesdecolores.com/producto/cama-para-elfos,https://images.sumup.com/img_3SDQ3EYHF0828AQC1TCPZMGTSD,Miles de Colores,999
mdc-767d39611e18b62b4b66,Puerta Ratoncito Pérez,Escribe el nombre y color que deseas en las notas del pedido al finalizar la compra. Nos pondremos en contacto para confirmar el diseño.,in stock,new,17.00 EUR,https://www.milesdecolores.com/producto/puerta-ratoncito-perez-1,https://images.sumup.com/img_7Y7FY1HHH5808BJGPJR03SCM52,Miles de Colores,999
mdc-ced6c05d4b0abb36df49,Adorno huella madera,Escribe el nombre que deseas en las notas del pedido al finalizar la compra. Nos pondremos en contacto para confirmar el diseño.,in stock,new,5.50 EUR,https://www.milesdecolores.com/producto/adorno-huella-madera,https://images.sumup.com/img_7M0RDY4SYS9EMV4K8WVSS2071Y,Miles de Colores,999
mdc-ac61cfb2b58201f53776,Adorno huella blanco,Escribe el nombre que deseas en las notas del pedido al finalizar la compra. Nos pondremos en contacto contigo para confirmar el diseño.,in stock,new,5.50 EUR,https://www.milesdecolores.com/producto/adorno-huella-blanco,https://images.sumup.com/img_6NP6PXZETP9TKA5H911HSMMQ1Y,Miles de Colores,999
mdc-b435a8ed4248e9aa5c84,Adorno bailarina/ cascanueces,Escribe el nombre y dibujo que deseas en las notas del pedido al finalizar la compra. Nos pondremos en contacto contigo para confirmar el diseño.,in stock,new,5.00 EUR,https://www.milesdecolores.com/producto/adorno-bailarina-cascanueces,https://images.sumup.com/img_3EEG3T1AV78YTSME3NM5XH6CTE,Miles de Colores,999
mdc-a722f85b52599ca9ef09,"Guirnalda ""Cascanueces""",Escribe el nombre que deseas en las notas del pedido al finalizar la compra. Nos pondremos en contacto contigo para confirmar el diseño.,in stock,new,20.00 EUR,https://www.milesdecolores.com/producto/guirnalda-cascanueces,https://images.sumup.com/img_6V5M8J7MV98X5BWMZRCD6CS6JX,Miles de Colores,999
mdc-256696a5828b80cff03d,Adorno rodaja madera,Escribe el nombre y dibujo que deseas en las notas del pedido al finalizar la compra. Nos pondremos en contacto contigo para confirmar el diseño.,in stock,new,5.00 EUR,https://www.milesdecolores.com/producto/adorno-rodaja-madera,https://images.sumup.com/img_74B6XPPRH0861BD6HK5274VXQQ,Miles de Colores,999
mdc-329b657f06d07d39a2f7,Familia renos decoración,Escribe el nombre que deseas en las notas del pedido al finalizar la compra. Nos pondremos en contacto contigo para confirmar el diseño.,in stock,new,17.90 EUR,https://www.milesdecolores.com/producto/familia-renos-decoracion,https://images.sumup.com/img_2E0972YQTP90B9JX97JRVZSE5R,Miles de Colores,999
mdc-ea24e4d5fdebbaa63842,Bola nieve,Escribe el nombre que deseas en las notas del pedido al finalizar la compra. Nos pondremos en contacto contigo para confirmar el diseño.,in stock,new,5.00 EUR,https://www.milesdecolores.com/producto/bola-nieve,https://images.sumup.com/img_6P34DCQTTM83VTNND7YXAPRPP0,Miles de Colores,999
mdc-e28c30b66db2d01a5080,Delantal mini chef navideño,Delantal mini chef navideño,in stock,new,9.90 EUR,https://www.milesdecolores.com/producto/delantal-mini-chef-navideno,https://images.sumup.com/img_6NMJN6XF4P94HTEE24ZGC7SJD9,Miles de Colores,999
mdc-fb51e0f822094d4be58c,Taza Reyes Magos,Escribe el nombre que deseas en las notas del pedido al finalizar la compra. Nos pondremos en contacto contigo para confirmar el diseño.,in stock,new,10.90 EUR,https://www.milesdecolores.com/producto/taza-reyes-magos-2,https://images.sumup.com/img_0427XB369S8ZTV5194046Z5137,Miles de Colores,999
mdc-a7d720f12e32d882a509,Pack puerta + elfo,Escribe el nombre que deseas en las notas del pedido al finalizar la compra. Nos pondremos en contacto contigo para confirmar el diseño.,in stock,new,22.90 EUR,https://www.milesdecolores.com/producto/pack-puerta-elfo-1,https://images.sumup.com/img_2AGFMHJX2C8YQ8MG48Y6RGKNBB,Miles de Colores,999
mdc-81b9c5f884c630da5b4d,Pack puerta elfo,Escribe el nombre que deseas en las notas del pedido al finalizar la compra. Nos pondremos en contacto contigo para confirmar el diseño.,in stock,new,19.90 EUR,https://www.milesdecolores.com/producto/pack-puerta-elfo-2,https://images.sumup.com/img_0GK8RVEYQH9PBRHJ3QVTRVCSQ3,Miles de Colores,999
mdc-a7b50495e3e3bba11bc0,Adorno foto madera,Escribe el nombre que deseas en las notas del pedido al finalizar la compra. Nos pondremos en contacto contigo para confirmar el diseño.,in stock,new,6.50 EUR,https://www.milesdecolores.com/producto/adorno-foto-madera,https://images.sumup.com/img_6103C6ABWP9QSSATY6VM3DZ5KG,Miles de Colores,999
mdc-0d9b3fe2dfbe6c5ec8e7,Bola madera foto,Nos puedes enviar la foto con tu nombre de pedido a milesdecoloreslavila@hotmail.com Nos pondremos en contacto contigo para confirmar el diseño.,in stock,new,6.50 EUR,https://www.milesdecolores.com/producto/bola-madera-foto,https://images.sumup.com/img_2181R04M0D80KT8EQ3P7YG7JF5,Miles de Colores,999
mdc-9c0e9413a1ada9fcde8f,Bota/Calcetín navideño oso,Escribe el nombre y dibujo que deseas en las notas del pedido al finalizar la compra. Nos pondremos en contacto contigo para confirmar el diseño.,in stock,new,11.90 EUR,https://www.milesdecolores.com/producto/bota-calcetin-navideno-oso,https://images.sumup.com/img_27E8G7815E9NGV1H78ZYQAAEJ4,Miles de Colores,999
mdc-d96997118697a861d1fb,Bota/Calcetín navideño elfo,Escribe el nombre y dibujo que deseas en las notas del pedido al finalizar la compra. Nos pondremos en contacto contigo para confirmar el diseño.,in stock,new,11.90 EUR,https://www.milesdecolores.com/producto/bota-calcetin-navideno-elfo,https://images.sumup.com/img_7C5EG182R589JSSA7GYEPJ0XF1,Miles de Colores,999
mdc-e34b7f46597a5df9d37e,Taza navideña rellena,Escribe el nombre que deseas en las notas del pedido al finalizar la compra. Nos pondremos en contacto contigo para confirmar el diseño.,in stock,new,16.90 EUR,https://www.milesdecolores.com/producto/taza-navidena-rellena,https://images.sumup.com/img_2A8DRJW8W8957BZGCGG1P5CCRG,Miles de Colores,999
mdc-c7edfe239168fa3e9919,Bandeja Papá Noel,Escribe el nombre que deseas en las notas del pedido al finalizar la compra. Nos pondremos en contacto contigo para confirmar el diseño.,in stock,new,16.90 EUR,https://www.milesdecolores.com/producto/bandeja-papa-noel,https://images.sumup.com/img_45VAYG12NQ979STV3Y532WK7VF,Miles de Colores,999
mdc-a2ab2e63b796bcd69189,Sudadera galleta navidad,Escribe el nombre que deseas en las notas del pedido al finalizar la compra. Nos pondremos en contacto contigo para confirmar el diseño.,in stock,new,24.90 EUR,https://www.milesdecolores.com/producto/sudadera-galleta-navidad,https://images.sumup.com/img_1JZHB5MHJ69DW8HXJDRMCSVV7W,Miles de Colores,999
mdc-4d9bf7cc065221fd9039,Bandeja Reyes Magos,Escribe el nombre que deseas en las notas del pedido al finalizar la compra. Nos pondremos en contacto contigo para confirmar el diseño.,in stock,new,16.90 EUR,https://www.milesdecolores.com/producto/bandeja-reyes-magos,https://images.sumup.com/img_0VXQJ2YGG38ACB3RPKT7EPX2P7,Miles de Colores,999
mdc-c8dd3a2c519915dd94ad,Caja cumple temática,Escribe el nombre y dibujo que deseas en las notas del pedido al finalizar la compra. Nos pondremos en contacto contigo para confirmar el diseño.,in stock,new,2.50 EUR,https://www.milesdecolores.com/producto/caja-cumple-tematica,https://images.sumup.com/img_7R2SDH1J2698G8R2HEQZNEQ67R,Miles de Colores,999
mdc-96730498f30fdc963211,Bandeja doble Papá Noel y Reyes Magos,Escribe el nombre que deseas en las notas del pedido al finalizar la compra. Nos pondremos en contacto contigo para confirmar el diseño.,in stock,new,25.00 EUR,https://www.milesdecolores.com/producto/bandeja-doble-papa-noel-y-reyes-magos,https://images.sumup.com/img_1YTZRJ5RA781QR1XZ28QPMDR7W,Miles de Colores,999
mdc-ea2304c69edc9ee7b591,Bandeja Reyes Magos familia,Escribe el nombre de la familia que deseas en las notas del pedido al finalizar la compra. Nos pondremos en contacto contigo para confirmar el diseño.,in stock,new,16.90 EUR,https://www.milesdecolores.com/producto/bandeja-reyes-magos-familia,https://images.sumup.com/img_3MW9HZ53SF9C192H4T9E14XZ4P,Miles de Colores,999
mdc-ea3cd5a4554006e535b1,Sudadera reno,Escribe el nombre que deseas en las notas del pedido al finalizar la compra. Nos pondremos en contacto contigo para confirmar el diseño.,in stock,new,18.90 EUR,https://www.milesdecolores.com/producto/sudadera-reno,https://images.sumup.com/img_0H2EYRTEF88WHARS86W31Y95EV,Miles de Colores,999
mdc-bbaf117dfcda938b7462,Camiseta cumple tortugas ninja,"Escribe el nombre, número que deseas en las notas del pedido al finalizar la compra. Nos pondremos en contacto contigo para confirmar el diseño.",in stock,new,10.90 EUR,https://www.milesdecolores.com/producto/camiseta-cumple-tortugas-ninja,https://images.sumup.com/img_7VNT343GAX9B380VGQW23717JE,Miles de Colores,999
mdc-21e6e420f0833dd9e620,Bolsa Halloween,Escribe el nombre y dibujo que deseas en las notas del pedido al finalizar la compra. Nos pondremos en contacto contigo para confirmar el diseño.,in stock,new,4.00 EUR,https://www.milesdecolores.com/producto/bolsa-halloween,https://images.sumup.com/img_2MND2E4F4Q967RDPE0EGQSFYVT,Miles de Colores,999
mdc-8d775d4b5665ca8b192c,Cesta regalo variado,"Escribe el nombre, años y dibujo que deseas en las notas del pedido al finalizar la compra. Nos pondremos en contacto contigo para confirmar el diseño.",in stock,new,20.00 EUR,https://www.milesdecolores.com/producto/cesta-regalo-variado,https://images.sumup.com/img_3JFXT1GA3J9S89MY030HEVNN27,Miles de Colores,999
mdc-72fe4b2ee646a316bec9,Caja surtida regalo FC Barcelona,Escribe el nombre y número que deseas en las notas del pedido al finalizar la compra. Nos pondremos en contacto contigo para confirmar el diseño.,in stock,new,20.00 EUR,https://www.milesdecolores.com/producto/caja-surtida-regalo-fc-barcelona,https://images.sumup.com/img_3NAWYG0BP29C3S1M94JC7W9WW7,Miles de Colores,999
mdc-8e4ede4b74ccbe09c236,Etiquetas termoadhesivas PEQUEÑAS,Escribe el nombre y dibujo que deseas en las notas del pedido al finalizar la compra. Nos pondremos en contacto contigo para confirmar el diseño.,in stock,new,7.95 EUR,https://www.milesdecolores.com/producto/etiquetas-termoadhesivas-pequenas,https://images.sumup.com/img_3M1GPE7E369BSAVFKSKG9V4A92,Miles de Colores,999
mdc-f7fbf4e8c0011cf3bd30,Etiquetas termoadhesivas MEDIANAS,Escribe el nombre y dibujo que deseas en las notas del pedido al finalizar la compra. Nos pondremos en contacto contigo para confirmar el diseño.,in stock,new,8.95 EUR,https://www.milesdecolores.com/producto/etiquetas-termoadhesivas-medianas,https://images.sumup.com/img_0MT6AWCQAN8RMTJQYJ7KW899CD,Miles de Colores,999
mdc-e4ec5ac9851afafee6ed,"HUELLAS ""REYES MAGOS""","HUELLAS ""REYES MAGOS""",in stock,new,9.90 EUR,https://www.milesdecolores.com/producto/huellas-reyes-magos,https://images.sumup.com/img_4G6RSV160V852TGKAZDBG2GW3G,Miles de Colores,999
mdc-90d1f6c2e3c0befe7df8,Camiseta Pepa pig,Escribe el nombre y número que deseas en las notas del pedido al finalizar la compra. Nos pondremos en contacto para confirmar el diseño.,in stock,new,10.90 EUR,https://www.milesdecolores.com/producto/camiseta-pepa-pig,https://images.sumup.com/img_69XR1EQWYK8Z19X6EYVJMXCY46,Miles de Colores,999
mdc-78de49c7ff8f15c6fc66,Camiseta bluey,"""Escribe el número y nombre que deseas en las notas del pedido al finalizar la compra""",in stock,new,10.90 EUR,https://www.milesdecolores.com/producto/camiseta-bluey,https://images.sumup.com/img_0TE8TZAQAP8QQT1JYZJGQEMPMP,Miles de Colores,999
mdc-f53a22706d4d7fdc47fa,Marco natalicio madera,Escribe los datos de nacimiento y dibujo que deseas en las notas del pedido al finalizar la compra. Nos pondremos en contacto contigo para confirmar el diseño.,in stock,new,23.00 EUR,https://www.milesdecolores.com/producto/marco-natalicio-madera,https://images.sumup.com/img_3XQ1NA8G2Z9XXB1D454G1H5W7X,Miles de Colores,999
mdc-54e12268831c1adccf55,Cajas de cumple fútbol,Escribe el nombre y dibujo que deseas en las notas del pedido al finalizar la compra. Nos pondremos en contacto para confirmar el diseño.,in stock,new,2.50 EUR,https://www.milesdecolores.com/producto/cajas-de-cumple-futbol,https://images.sumup.com/img_1CNB7GJ6JB8W48YJXN4B2EAH3F,Miles de Colores,999
mdc-0bd4304080e2a0a064a3,Jarra Papá/Abuelo,Jarra Papá/Abuelo,in stock,new,16.90 EUR,https://www.milesdecolores.com/producto/jarra-papa-abuelo,https://images.sumup.com/img_6D7HAGXQT29E1BA9BFWNS8484S,Miles de Colores,999
mdc-d58738db699ce1715526,TAZA NOMBRE,TAZA NOMBRE,in stock,new,11.00 EUR,https://www.milesdecolores.com/producto/taza-nombre,https://images.sumup.com/img_5RGT3M0YD78MHTA0RNVSBQBY49,Miles de Colores,999
mdc-567567207fca843bd24c,Perchas novios,Escribe los nombres y fecha que deseas en las notas del pedido al finalizar la compra. Nos pondremos en contacto para confirmar el diseño.,in stock,new,25.00 EUR,https://www.milesdecolores.com/producto/perchas-novios,https://images.sumup.com/img_6EN7K7E5Y78SYSBCYEDX1BMMMM,Miles de Colores,999
mdc-0e71c453b0c16b94a054,SUDADERA ESQUELETO,"""Escribe el número y nombre que deseas en las notas del pedido al finalizar la compra""",in stock,new,19.90 EUR,https://www.milesdecolores.com/producto/sudadera-esqueleto,https://images.sumup.com/img_6RCN1JY1XA87RANDKSSSH1RX65,Miles de Colores,999
mdc-17aa9bc6923aa5e0b0c1,Ambientador coche Papá/Abuelo,Ambientador coche Papá/Abuelo,in stock,new,9.90 EUR,https://www.milesdecolores.com/producto/ambientador-coche-papa-abuelo,https://images.sumup.com/img_6Q5X52M3JT922ASD6EFNNS1ZZC,Miles de Colores,999
mdc-d44bac2f43dd00bf8217,Bolso + neceser fieltro,"""Escribe el número y nombre que deseas en las notas del pedido al finalizar la compra""",in stock,new,25.90 EUR,https://www.milesdecolores.com/producto/bolso-neceser-fieltro,https://images.sumup.com/img_5BT3EQWPB49ED8H455FVA0H4AS,Miles de Colores,999
mdc-5da33c6e23662307f39c,Camiseta Friends Halloween,Camiseta Friends Halloween,in stock,new,10.90 EUR,https://www.milesdecolores.com/producto/camiseta-friends-halloween,https://images.sumup.com/img_1EWNYGFTBE9DPV0DJ3HZ57GZPV,Miles de Colores,999
mdc-387b9d455f118254b614,Banderines decoración,Escribe el nombre y dibujo que deseas en las notas del pedido al finalizar la compra. Nos pondremos en contacto contigo para confirmar el diseño.,in stock,new,3.00 EUR,https://www.milesdecolores.com/producto/banderines-decoracion,https://images.sumup.com/img_4F45E3BZJQ8RH8SVCN9P76SAJ6,Miles de Colores,999
mdc-3c3269541c8e1f246fec,Colgadores de ropa,Escribe el nombre y dibujo que deseas en las notas del pedido al finalizar la compra. Nos pondremos en contacto para confirmar el diseño.,in stock,new,15.90 EUR,https://www.milesdecolores.com/producto/colgadores-de-ropa,https://images.sumup.com/img_4XX9P8S48390685N5PKQ6VYME9,Miles de Colores,999
mdc-83eba3a80e75e111cec2,Pack Fiambrera + Botella térmica + toalla,Escribe el nombre y dibujo que deseas en las notas del pedido al finalizar la compra. Nos pondremos en contacto para confirmar el diseño.,in stock,new,35.90 EUR,https://www.milesdecolores.com/producto/pack-fiambrera-botella-termica-toalla,https://images.sumup.com/img_6VAY1E3P8A9W89WWB2M944Q3YG,Miles de Colores,999
mdc-736cdce345624d3c0efa,"Cartel ""Primer y último día de cole""",Escribe el nombre y dibujo que deseas en las notas del pedido al finalizar la compra. Nos pondremos en contacto para confirmar el diseño.,in stock,new,19.90 EUR,https://www.milesdecolores.com/producto/cartel-primer-y-ultimo-dia-de-cole,https://images.sumup.com/img_4K7GQCMCA79GZSA13CXTHY66FR,Miles de Colores,999
mdc-f35598e104068a596749,Pack Fiambrera + Botella con pajita + toalla,Escribe el nombre y dibujo que deseas en las notas del pedido al finalizar la compra. Nos pondremos en contacto para confirmar el diseño.,in stock,new,37.90 EUR,https://www.milesdecolores.com/producto/pack-fiambrera-botella-con-pajita-toalla,https://images.sumup.com/img_53YN2W7W4A8MFV2913C52YMNYB,Miles de Colores,999
mdc-ca7e6505452745166b28,Colgador para ropa,Escribe el nombre y dibujo que deseas en las notas del pedido al finalizar la compra. Nos pondremos en contacto para confirmar el diseño.,in stock,new,10.90 EUR,https://www.milesdecolores.com/producto/colgador-para-ropa,https://images.sumup.com/img_1VGTXR7APT93AS7ZHPD7PRWRBY,Miles de Colores,999
mdc-2071a6ddf5f8eb4aec3c,"Caja cumple ""Patrulla canina""","Escribe el nombre, número de cumple y dibujo que deseas en las notas del pedido al finalizar la compra. Nos pondremos en contacto para confirmar el diseño.",in stock,new,2.50 EUR,https://www.milesdecolores.com/producto/caja-cumple-patrulla-canina,https://images.sumup.com/img_153PF8S80B8MN9YTF441SRM0D2,Miles de Colores,999
mdc-da22c929968f0100fd65,Pack Fiambrera + Botella acero + Toalla,Escribe el nombre y dibujo que deseas en las notas del pedido al finalizar la compra. Nos pondremos en contacto para confirmar el diseño.,in stock,new,33.90 EUR,https://www.milesdecolores.com/producto/pack-fiambrera-botella-acero-toalla,https://images.sumup.com/img_2MX0XT21CA8BC9NHA0MNHVWHXV,Miles de Colores,999
mdc-510263354fba267dbaab,Toalla hot wheels,Escribe el nombre y dibujo que deseas en las notas del pedido al finalizar la compra. Nos pondremos en contacto para confirmar el diseño.,in stock,new,9.50 EUR,https://www.milesdecolores.com/producto/toalla-hot-wheels,https://images.sumup.com/img_6QA6JX9RJ39SBAT91Z7B0ETCKG,Miles de Colores,999
mdc-5f2d0e5b95883f97ad9d,Colgador de ropa,Escribe el nombre y dibujo que deseas en las notas del pedido al finalizar la compra. Nos pondremos en contacto para confirmar el diseño.,in stock,new,10.90 EUR,https://www.milesdecolores.com/producto/colgador-de-ropa,https://images.sumup.com/img_7DZG1R9J7H9679MYEXH2MJPHS2,Miles de Colores,999
mdc-19ca1d54b7446f3ac2c8,Pack Fiambrera + Botella térmica + Toalla,Escribe el nombre y dibujo que deseas en las notas del pedido al finalizar la compra. Nos pondremos en contacto para confirmar el diseño.,in stock,new,35.90 EUR,https://www.milesdecolores.com/producto/pack-fiambrera-botella-termica-toalla-1,https://images.sumup.com/img_6GD79PXGJ79N0AVC5THDDHQ204,Miles de Colores,999
mdc-31c328dae634cde7d46b,Toalla sonic,Escribe el nombre y dibujo que deseas en las notas del pedido al finalizar la compra. Nos pondremos en contacto para confirmar el diseño.,in stock,new,9.50 EUR,https://www.milesdecolores.com/producto/toalla-sonic,https://images.sumup.com/img_4CKCK20A5X9CVACKK0H74X9ZPE,Miles de Colores,999
mdc-1bab0099fc96889a9a92,"Cartel ""Primer y último día de cole"" flores",Escribe el nombre y dibujo que deseas en las notas del pedido al finalizar la compra. Nos pondremos en contacto para confirmar el diseño.,in stock,new,17.90 EUR,https://www.milesdecolores.com/producto/cartel-primer-y-ultimo-dia-de-cole-flores,https://images.sumup.com/img_050QRWR0KM8J19P70368JHP42R,Miles de Colores,999
mdc-1ba025b7ba5fdf495d6b,Botella térmica,Escribe el nombre y dibujo que deseas en las notas del pedido al finalizar la compra. Nos pondremos en contacto para confirmar el diseño.,in stock,new,17.90 EUR,https://www.milesdecolores.com/producto/botella-termica,https://images.sumup.com/img_51S7Y7831D9259GPNQMSVR0GC8,Miles de Colores,999
mdc-2e05ffa3ab9c5ddab2c8,Pack Botella térmica + fiambrera,Escribe el nombre y dibujo que deseas en las notas del pedido al finalizar la compra. Nos pondremos en contacto para confirmar el diseño.,in stock,new,27.90 EUR,https://www.milesdecolores.com/producto/pack-botella-termica-fiambrera,https://images.sumup.com/img_3BHP945HRZ85PAVYAYMWKSSJZP,Miles de Colores,999
mdc-daf70dfeb97230e50623,Botella térmica equipo,Escribe el nombre y dibujo que deseas en las notas del pedido al finalizar la compra. Nos pondremos en contacto para confirmar el diseño.,in stock,new,17.90 EUR,https://www.milesdecolores.com/producto/botella-termica-equipo,https://images.sumup.com/img_267HQ050BQ859A8QFDZ8R0XF1R,Miles de Colores,999
mdc-3138be4c8c12e6e9347b,Camiseta papá ciclista,Escribe el nombre y orden de los niños que deseas en las notas del pedido al finalizar la compra. Nos pondremos en contacto para confirmar el diseño.,in stock,new,13.90 EUR,https://www.milesdecolores.com/producto/camiseta-papa-ciclista,https://images.sumup.com/img_69AX9FTDB989CV822XTS560Z57,Miles de Colores,999
mdc-613672a3da3d392bb6c9,Pack fiambrera + Botella térmica + toalla + hucha,Escribe el nombre y dibujo que deseas en las notas del pedido al finalizar la compra. Nos pondremos en contacto para confirmar el diseño.,in stock,new,49.90 EUR,https://www.milesdecolores.com/producto/pack-fiambrera-botella-termica-toalla-hucha,https://images.sumup.com/img_5BTSKVF63Q84YTRRHJR7N0Q4HS,Miles de Colores,999
mdc-fb51d2a6afd45fb4a4a7,"Cajas de cumple ""esqueletos""",Escribe el nombre y dibujo que deseas en las notas del pedido al finalizar la compra. Nos pondremos en contacto para confirmar el diseño.,in stock,new,2.50 EUR,https://www.milesdecolores.com/producto/cajas-de-cumple-esqueletos,https://images.sumup.com/img_5GM7GFREYT8PKT401VQASGC4GR,Miles de Colores,999
mdc-7c6b93afe26c58792623,Colgador ambientador,Escribe el dibujo o frase que deseas en las notas del pedido al finalizar la compra. Nos pondremos en contacto para confirmar el diseño.,in stock,new,12.90 EUR,https://www.milesdecolores.com/producto/colgador-ambientador,https://images.sumup.com/img_7XHFSQW4QN9NX9F72Z6EZN5CJ9,Miles de Colores,999
mdc-d07cf9f8289502c31ab5,"Jarra ""Eres la caña""","Jarra ""Eres la caña""",in stock,new,16.90 EUR,https://www.milesdecolores.com/producto/jarra-eres-la-cana,https://images.sumup.com/img_4W7NHVY8418G1BC3MYQ0DJVVHN,Miles de Colores,999
mdc-b736ba94d71ae1fdeb54,"Cojín ""Eres el mejor""","Cojín ""Eres el mejor""",in stock,new,14.90 EUR,https://www.milesdecolores.com/producto/cojin-eres-el-mejor,https://images.sumup.com/img_5GV2MYD0VR93XBH27H3DV2HGCC,Miles de Colores,999
mdc-effb5c3c69dfb1356256,Llavero mundo,Llavero mundo,in stock,new,12.90 EUR,https://www.milesdecolores.com/producto/llavero-mundo,https://images.sumup.com/img_38DKDGFFNS9VQA633WFS551WH7,Miles de Colores,999
mdc-801991fd5607b308d8c7,Gorra Super Papá/Abuelo,Gorra Super Papá/Abuelo,in stock,new,12.90 EUR,https://www.milesdecolores.com/producto/gorra-super-papa-abuelo,https://images.sumup.com/img_45GP717J9N988SF9JWKEGHDW6H,Miles de Colores,999
mdc-4512712802e2d48b5b9a,Caja regalo Kpop,"Caja de madera personaliza con el dibujo que se prefiera compuesto por: Fiambrera, botella térmica, toalla y hucha.Escribe el nombre y dibujo que deseas en las notas del pedido al finalizar la compra. Nos pondremos en contacto para confirmar el diseño.",in stock,new,59.90 EUR,https://www.milesdecolores.com/producto/caja-regalo-kpop,https://images.sumup.com/img_73MTG20DDB82WVV863Y9Q7BFX6,Miles de Colores,999
mdc-047e7e61b24081e6285f,Camiseta Stranger Things niñ@,Camiseta Stranger Things niñ@,in stock,new,10.90 EUR,https://www.milesdecolores.com/producto/camiseta-stranger-things-ninat,https://images.sumup.com/img_18WXD6YCW49G0S2DN48M88VRWS,Miles de Colores,999
mdc-3500bf351b0aa6057e89,Ambientador coche,Escribe la frase que deseas en las notas del pedido al finalizar la compra. Nos pondremos en contacto para confirmar el diseño.,in stock,new,12.90 EUR,https://www.milesdecolores.com/producto/ambientador-coche,https://images.sumup.com/img_5PN1NFYRJS9ZHTQPMCSD8WDP9S,Miles de Colores,999
mdc-4262ce8a736d8973ba81,Caja regalo 50 años,"Caja regalo rellena de dulces, patatas, refresco/cerveza,etc Camiseta 50 años y topper de tarta en madera. Las gafas que aparecen en la imagen no incluidas.",in stock,new,50.00 EUR,https://www.milesdecolores.com/producto/caja-regalo-50-anos,https://images.sumup.com/img_35H4TJ2THR9DATF4M8Z0GW6DG8,Miles de Colores,999
mdc-dff59281b6a910cdc7ad,Topper con nombre,Escribe el nombre que deseas en las notas del pedido al finalizar la compra. Nos pondremos en contacto para confirmar el diseño.,in stock,new,14.90 EUR,https://www.milesdecolores.com/producto/topper-con-nombre,https://images.sumup.com/img_1E1MRXZNBT9QNTWSHPHFWZRBJT,Miles de Colores,999
mdc-e0138d079e491d3fe631,Calcetines Papá/Abuelo,Calcetines Papá/Abuelo,in stock,new,7.90 EUR,https://www.milesdecolores.com/producto/calcetines-papa-abuelo,https://images.sumup.com/img_7XD3SSNNMD8D58A64QJ8HFJAKB,Miles de Colores,999
mdc-ca6265b0fedbe540a135,Cartera nombre o iniciales,Escribe el nombre o iniciales que deseas en las notas del pedido al finalizar la compra. Nos pondremos en contacto para confirmar el diseño.,in stock,new,12.90 EUR,https://www.milesdecolores.com/producto/cartera-nombre-o-iniciales,https://images.sumup.com/img_411GXWMGBS8A4AS78MKSX9CXJA,Miles de Colores,999
mdc-ec2dbb18a1549de22bad,"Camiseta cumple ""Desdentao""",Escribe el nombre y número que deseas en las notas del pedido al finalizar la compra. Nos pondremos en contacto para confirmar el diseño.,in stock,new,10.90 EUR,https://www.milesdecolores.com/producto/camiseta-cumple-desdentao,https://images.sumup.com/img_72CYFMHVWG8XB90EW9RD0PP4GY,Miles de Colores,999
mdc-853a3dac24ad454a31d6,Caja nacimiento,Escribe el nombre y dibujo que deseas en las notas del pedido al finalizar la compra. Nos pondremos en contacto para confirmar el diseño.,in stock,new,59.90 EUR,https://www.milesdecolores.com/producto/caja-nacimiento,https://images.sumup.com/img_0G4MXXJM3P8TXSJVGT760P77SC,Miles de Colores,999
mdc-8453ce7c5b2b95277524,Caja regalo mix equipo,Escribe el nombre y dibujo que deseas en las notas del pedido al finalizar la compra. Nos pondremos en contacto para confirmar el diseño.,in stock,new,20.00 EUR,https://www.milesdecolores.com/producto/caja-regalo-mix-equipo,https://images.sumup.com/img_2MD850NR358KW84HR04DMHBG98,Miles de Colores,999
mdc-2d568055038f563e0d8d,Pack jarra + abridor,Pack jarra + abridor,in stock,new,21.90 EUR,https://www.milesdecolores.com/producto/pack-jarra-abridor,https://images.sumup.com/img_5F899PA9PX9QRSZGC1BCH4DXTW,Miles de Colores,999
mdc-340266f2ce202568cab5,Hucha inicial + nombre,Escribe la inicial y el nombre que deseas en las notas del pedido al finalizar la compra. Nos pondremos en contacto para confirmar el diseño.,in stock,new,12.90 EUR,https://www.milesdecolores.com/producto/hucha-inicial-nombre,https://images.sumup.com/img_75WC62DRAW8SD8CYY7FCE9W6WD,Miles de Colores,999
mdc-4b05bee5cb3537ef27d6,Camiseta 50 años,Escribe el mes que deseas en las notas del pedido al finalizar la compra. Nos pondremos en contacto para confirmar el diseño.,in stock,new,50.00 EUR,https://www.milesdecolores.com/producto/camiseta-50-anos,https://images.sumup.com/img_3KM466YB6P86KTFB74ATYKFMF0,Miles de Colores,999
mdc-2ecc51182c822d9712ea,Calcetines papá futbolero,Calcetines papá futbolero,in stock,new,7.90 EUR,https://www.milesdecolores.com/producto/calcetines-papa-futbolero,https://images.sumup.com/img_1565YZS7879C9RPT52PADR4J1H,Miles de Colores,999
mdc-7042cb18271b962736f2,"PACK BABERO, BANDANA, TOALLA, MORDEDOR",Escribe el nombre y tela que deseas en las notas del pedido al finalizar la compra. Nos pondremos en contacto para confirmar el diseño.,in stock,new,29.90 EUR,https://www.milesdecolores.com/producto/pack-babero-bandana-toalla-mordedor,https://images.sumup.com/img_5TKC02KZ639HJV1QQFFGGRGA6H,Miles de Colores,999
mdc-32bc5354559ceb1eb845,Medallero madera triatlón,Escribe el nombre y deporte que deseas en las notas del pedido al finalizar la compra. Nos pondremos en contacto para confirmar el diseño.,in stock,new,25.90 EUR,https://www.milesdecolores.com/producto/medallero-madera-triatlon,https://images.sumup.com/img_7CWRBX9RRG9AXTW69WZ081TGQN,Miles de Colores,999
mdc-62523b4151f57a2dd56d,Camiseta puños abuelo/yayo,Escribe el nombre que deseas en las notas del pedido al finalizar la compra. Nos pondremos en contacto para confirmar el diseño.,in stock,new,23.90 EUR,https://www.milesdecolores.com/producto/camiseta-punos-abuelo-yayo,https://images.sumup.com/img_05NFJ6F95A810BMQN3H311V1DD,Miles de Colores,999
mdc-99b11afc38a880b12f91,Calcetines papá/abuelo,Calcetines papá/abuelo,in stock,new,7.90 EUR,https://www.milesdecolores.com/producto/calcetines-papa-abuelo-1,https://images.sumup.com/img_7J79ARW4B98N8SVW7GMW1CFFJ5,Miles de Colores,999
mdc-517d948de91e62c82223,Neceser Estrella,Escribe el nombre que deseas en las notas del pedido al finalizar la compra. Nos pondremos en contacto para confirmar el diseño.,in stock,new,6.00 EUR,https://www.milesdecolores.com/producto/neceser-estrella,https://images.sumup.com/img_6QT5EWR2X18ZCT9VJNNNT59271,Miles de Colores,999
mdc-c6eee2f0f356e25d1aea,Neceser estrella (eventos),"IMPORTANTE: Cantidad mínimo de 15 unidades. Por debajo de esa cantidad, precio normal por unidad.Escribe el listado de nombres que deseas en las notas del pedido al finalizar la compra. Nos pondremos en contacto para confirmar.",in stock,new,3.50 EUR,https://www.milesdecolores.com/producto/neceser-estrella-eventos,https://images.sumup.com/img_6TN2V525H48K096DNS3AVMP4D5,Miles de Colores,999
mdc-4ce35cb2d383b70b1957,Taza Papá,Taza Papá,in stock,new,10.90 EUR,https://www.milesdecolores.com/producto/taza-papa,https://images.sumup.com/img_7XKQG2366D8F5SK7YVZMG65VJ6,Miles de Colores,999
mdc-007f4978b8137308ba2f,"Cono ""Stranger things""","Escribe el nombre, número de cumple y dibujo que deseas en las notas del pedido al finalizar la compra. Nos pondremos en contacto para confirmar el diseño.",in stock,new,1.50 EUR,https://www.milesdecolores.com/producto/cono-stranger-things,https://images.sumup.com/img_0XB1Y4V16R9SKAGEJDT69ED6RQ,Miles de Colores,999
mdc-59db516f23e708cb1c90,"Abuelo ""Eres la caña""","Abuelo ""Eres la caña""",in stock,new,16.90 EUR,https://www.milesdecolores.com/producto/abuelo-eres-la-cana,https://images.sumup.com/img_1TW26YSP4884BS3DDVNJSDPDGP,Miles de Colores,999
mdc-29671977fdd18b3ed8ee,Pack Fiambrera + Botella térmica + Llavero,Pack Fiambrera + Botella térmica + Llavero,in stock,new,33.50 EUR,https://www.milesdecolores.com/producto/pack-fiambrera-botella-termica-llavero,https://images.sumup.com/img_2GNRJJ5QXQ9GPBXHDF5EZ1JRQX,Miles de Colores,999
mdc-bc95cc72d1f740058c2e,"Tarta de pañales ""Selva""",Escribe el nombre y dibujos que deseas en las notas del pedido al finalizar la compra. Nos pondremos en contacto para confirmar el diseño.,in stock,new,25.00 EUR,https://www.milesdecolores.com/producto/tarta-de-panales-selva,https://images.sumup.com/img_6QPPDV5EAH9M99JGY5TBV4857T,Miles de Colores,999
mdc-24b0c449702f033897be,"Body ""Bebé en camino""","Body ""Bebé en camino""",in stock,new,13.90 EUR,https://www.milesdecolores.com/producto/body-bebe-en-camino,https://images.sumup.com/img_0B6F77FN67922R31GJ3DG9QJHG,Miles de Colores,999
mdc-a132e80c88c839ef8025,Cubo XL,"Surtido variado de patatas, dulces, chocolate, chuches, refresco,etc...",in stock,new,25.00 EUR,https://www.milesdecolores.com/producto/cubo-xl,https://images.sumup.com/img_1AE0DFD02F8P4R902P1TCYK48C,Miles de Colores,999
mdc-b12f688f599d1dc45f69,Estuches de colores (eventos),IMPORTANTE: Cantidad mínima: 15 unidades. Por debajo de esa cantidad precio normal. Escribe el nombre y dibujo que deseas en las notas del pedido al finalizar la compra. Nos pondremos en contacto para confirmar el diseño.,in stock,new,2.50 EUR,https://www.milesdecolores.com/producto/estuches-de-colores-eventos,https://images.sumup.com/img_5SM52EPZ4C817A0YCYENGMRYRZ,Miles de Colores,999
mdc-7736c93a5ef69892b4d0,Toalla Bluey,Escribe el nombre y dibujo que deseas en las notas del pedido al finalizar la compra. Nos pondremos en contacto para confirmar el diseño.,in stock,new,9.50 EUR,https://www.milesdecolores.com/producto/toalla-bluey,https://images.sumup.com/img_1ZV05MNWEX860VHH8NTT733GEC,Miles de Colores,999
mdc-ea7c5eb692cea0ecaf71,Toalla Equipo favorito,Toalla Equipo favorito,in stock,new,9.50 EUR,https://www.milesdecolores.com/producto/toalla-equipo-favorito,https://images.sumup.com/img_4VB3XCV2SN8S78P1HZ8VS3QJP8,Miles de Colores,999
mdc-a4cd837f31b7ce8dba40,Body nombre conejito,Body nombre conejito,in stock,new,13.90 EUR,https://www.milesdecolores.com/producto/body-nombre-conejito,https://images.sumup.com/img_7HCEBCXM8X8TW9RS0WAY1ZPG8G,Miles de Colores,999
mdc-b1672b7d2f91d0af20b9,Camiseta cumple Ralph,Escribe el nombre y número que deseas en las notas del pedido al finalizar la compra. Nos pondremos en contacto para confirmar el diseño.,in stock,new,10.90 EUR,https://www.milesdecolores.com/producto/camiseta-cumple-ralph,https://images.sumup.com/img_030PSTN2CH9G7RKN0D32FQZXG0,Miles de Colores,999
mdc-83453e7b76c05aba3030,Camiseta Jubilación,Escribe el año de jubilación que deseas en las notas del pedido al finalizar la compra. Nos pondremos en contacto para confirmar el diseño.,in stock,new,13.90 EUR,https://www.milesdecolores.com/producto/camiseta-jubilacion,https://images.sumup.com/img_10TPF2EJG69QZR33VE46XCSY92,Miles de Colores,999
mdc-1ea6060dc18416c358a0,CARTEL COLE,Escribe el nombre que deseas en las notas del pedido al finalizar la compra. Nos pondremos en contacto para confirmar el diseño.,in stock,new,19.90 EUR,https://www.milesdecolores.com/producto/cartel-cole,https://images.sumup.com/img_75ECK6YG409RQTKKYS0BS0JF7N,Miles de Colores,999
mdc-5015d2a2be4ee4619912,Conjunto camiseta + corona,"Escribe el nombre, talla y dibujo que deseas en las notas del pedido al finalizar la compra. Nos pondremos en contacto para confirmar el diseño.",in stock,new,26.00 EUR,https://www.milesdecolores.com/producto/conjunto-camiseta-corona-1,https://images.sumup.com/img_5R8HA1RZZ58TS8APQH9VD833GQ,Miles de Colores,999
mdc-38a08e4886e5aaf9c080,Corona + Camiseta,"Una vez añadido al carrito, puedes poner en el apartado ""MENSAJE PARA EL COMERCIANTE"" la talla, el nombre, y el número, así como los dibujos que se prefieran.",in stock,new,26.00 EUR,https://www.milesdecolores.com/producto/corona-camiseta,https://images.sumup.com/img_3SMJFE3CZF94AAV6PYAXNB3KQQ,Miles de Colores,999
mdc-f9c7d9857d70fe8dfe8e,Estrella de Navidad,"Una vez añadido al carrito, puedes poner en el apartado ""MENSAJE PARA EL COMERCIANTE"" los nombres a añadir o los apellidos de la familia.",in stock,new,10.00 EUR,https://www.milesdecolores.com/producto/estrella-de-navidad,https://images.sumup.com/img_5RWHMJDF818TYSKM71SH6CWB4J,Miles de Colores,999
mdc-3dc6bf9f1ab93dbc2f81,Placas cumplemes arcoíris,Escribe el nombre y dibujo que deseas en las notas del pedido al finalizar la compra. Nos pondremos en contacto para confirmar el diseño.,in stock,new,27.90 EUR,https://www.milesdecolores.com/producto/placas-cumplemes-arcoiris,https://images.sumup.com/img_7M84SZDNME832R6RJCBRXXMY38,Miles de Colores,999
mdc-7d1fb204ce42186fea8d,Pack fiambrera + botella con pitorro y tapón,Escribe el nombre y dibujo que deseas en las notas del pedido al finalizar la compra. Nos pondremos en contacto para confirmar el diseño.,in stock,new,21.90 EUR,https://www.milesdecolores.com/producto/pack-fiambrera-botella-con-pitorro-y-tapon,https://images.sumup.com/img_2ZVQS4M6DW88DRXZHXHE15HNY3,Miles de Colores,999
mdc-683cb301e92478282ac4,Pack Fiambrera + Botella térmica,Escribe el nombre y dibujo que deseas en las notas del pedido al finalizar la compra. Nos pondremos en contacto para confirmar el diseño.,in stock,new,27.90 EUR,https://www.milesdecolores.com/producto/pack-fiambrera-botella-termica,https://images.sumup.com/img_74V7JRRX9A8QCRV53W67GD8BJJ,Miles de Colores,999
mdc-9f6a6e5837158fa5d0a2,Hucha comunión,Escribe el nombre o frase que deseas en las notas del pedido al finalizar la compra. Nos pondremos en contacto para confirmar el diseño.,in stock,new,12.90 EUR,https://www.milesdecolores.com/producto/hucha-comunion,https://images.sumup.com/img_6FCCRR2TCX8JN8PYCV5Q9D04MC,Miles de Colores,999
mdc-b358797e34b624f452c8,Porta alianzas,Escribe los nombres y la fecha que deseas en las notas del pedido al finalizar la compra. Nos pondremos en contacto para confirmar el diseño.,in stock,new,19.90 EUR,https://www.milesdecolores.com/producto/porta-alianzas,https://images.sumup.com/img_4GAKGE6SD08SW8C6BM36FWAF7M,Miles de Colores,999
mdc-aa2dc8c0c75908a22763,Taza inicial rellena,Escribe el nombre e inicial que deseas en las notas del pedido al finalizar la compra. Nos pondremos en contacto para confirmar el diseño.,in stock,new,16.90 EUR,https://www.milesdecolores.com/producto/taza-inicial-rellena,https://images.sumup.com/img_3MSFNCFNTW9RGTMAYS8TXN2DC8,Miles de Colores,999
mdc-6a105e9463b13b1796e8,Pack fiambrera bambú+ botella termo,Escribe el nombre y dibujo que deseas en las notas del pedido al finalizar la compra. Nos pondremos en contacto para confirmar el diseño.,in stock,new,29.90 EUR,https://www.milesdecolores.com/producto/pack-fiambrera-bambu-botella-termo,https://images.sumup.com/img_6KJJSNK2CX8T6BS56F9RGJ0HFE,Miles de Colores,999
mdc-782ee9953aa3d8570b09,Neceser inicial,Escribe el nombre o inicial que deseas en las notas del pedido al finalizar la compra. Nos pondremos en contacto para confirmar el diseño.,in stock,new,8.90 EUR,https://www.milesdecolores.com/producto/neceser-inicial,https://images.sumup.com/img_3TQXNYMFGQ85NAFV78Y0Z0Q3VN,Miles de Colores,999
mdc-8b120fda012d2743d0b3,"Caja regalo ""Primera comunión""",Escribe el nombre que deseas en las notas del pedido al finalizar la compra. Nos pondremos en contacto para confirmar el diseño.,in stock,new,65.00 EUR,https://www.milesdecolores.com/producto/caja-regalo-primera-comunion,https://images.sumup.com/img_158EVFQTF39RJBDZ0MYSYNFZ8M,Miles de Colores,999
mdc-607792278aed0b9dda87,Taza + llavero,Escribe el nombre y color que deseas en las notas del pedido al finalizar la compra. Nos pondremos en contacto para confirmar el diseño.,in stock,new,17.90 EUR,https://www.milesdecolores.com/producto/taza-llavero,https://images.sumup.com/img_05EM1YQ10Z8BXTG9VQCE4742XT,Miles de Colores,999
mdc-691b96ff2d8ac473249c,Pack libreta + lápiz + portalápices,Escribe el nombre y color que deseas en las notas del pedido al finalizar la compra. Nos pondremos en contacto para confirmar el diseño.,in stock,new,16.90 EUR,https://www.milesdecolores.com/producto/pack-libreta-lapiz-portalapices,https://images.sumup.com/img_1YNCSSZCHS8HAA9VDY8XEEC8ZM,Miles de Colores,999
mdc-414f71569dcdde68ce35,Camiseta bluey globos,Escribe el nombre y número que deseas en las notas del pedido al finalizar la compra. Nos pondremos en contacto para confirmar el diseño.,in stock,new,10.90 EUR,https://www.milesdecolores.com/producto/camiseta-bluey-globos,https://images.sumup.com/img_119AN7QD038V1S3XDYNE20ASHZ,Miles de Colores,999
mdc-8627b79a64f3bc3e2c6a,"Caja golosinas ""Primera comunión""",Escribe el nombre y fecha que deseas en las notas del pedido al finalizar la compra. Nos pondremos en contacto para confirmar el diseño.,in stock,new,2.50 EUR,https://www.milesdecolores.com/producto/caja-golosinas-primera-comunion,https://images.sumup.com/img_5NN81460G29PDT7TVQNJYHD8RM,Miles de Colores,999
mdc-1da8d0b46ee942b6abf0,Taza kpop rellena,Escribe el nombre que deseas en las notas del pedido al finalizar la compra. Nos pondremos en contacto para confirmar el diseño.,in stock,new,16.90 EUR,https://www.milesdecolores.com/producto/taza-kpop-rellena,https://images.sumup.com/img_1N09HXAAPR897826SWYDC953JZ,Miles de Colores,999
mdc-b0b61d8983ebf3ccc14f,"Marco ""Primera comunión""",Escribe el nombre y dibujo que deseas en las notas del pedido al finalizar la compra. Nos pondremos en contacto para confirmar el diseño.,in stock,new,16.90 EUR,https://www.milesdecolores.com/producto/marco-primera-comunion,https://images.sumup.com/img_45FBXNVZ3A91VTJTS74KMTWV4Z,Miles de Colores,999
mdc-b8522a10df9b4635e2b5,Medalla entrenador madera,"Escribe el nombre, cargo y color de la cinta que deseas en las notas del pedido al finalizar la compra. Nos pondremos en contacto para confirmar el diseño.",in stock,new,5.50 EUR,https://www.milesdecolores.com/producto/medalla-entrenador-madera,https://images.sumup.com/img_6ZM5N4J3DV88MVSDD2R3JDD4JJ,Miles de Colores,999
mdc-32666d08a6e8b510ef88,"Pala tarta ""Primera comunión""",Escribe el nombre y fecha que deseas en las notas del pedido al finalizar la compra. Nos pondremos en contacto para confirmar el diseño.,in stock,new,12.50 EUR,https://www.milesdecolores.com/producto/pala-tarta-primera-comunion,https://images.sumup.com/img_19AEXVVYSA9S4V9C1979HNPWDM,Miles de Colores,999
mdc-c83baee884ac6e28dbea,"Cesta nacimiento ""Safari""",Escribe el nombre y dibujo que deseas en las notas del pedido al finalizar la compra. Nos pondremos en contacto para confirmar el diseño.,in stock,new,65.00 EUR,https://www.milesdecolores.com/producto/cesta-nacimiento-safari,https://images.sumup.com/img_1EJ4192P5F94XBBM7MAQTZAAVG,Miles de Colores,999
mdc-a0b385ce00b4e1a21c1c,Percha bautizo,Escribe el nombre y fecha que deseas en las notas del pedido al finalizar la compra. Nos pondremos en contacto para confirmar el diseño.,in stock,new,10.90 EUR,https://www.milesdecolores.com/producto/percha-bautizo,https://images.sumup.com/img_7DXD3414QF9S9SZ86TMC546E1H,Miles de Colores,999
mdc-3a3f0efa637c361e4259,Fiambrera Roblox,Escribe el nombre y dibujo que deseas en las notas del pedido al finalizar la compra. Nos pondremos en contacto para confirmar el diseño.,in stock,new,12.90 EUR,https://www.milesdecolores.com/producto/fiambrera-roblox,https://images.sumup.com/img_5F5KBM3WH59NJRZZ776RKNGT7V,Miles de Colores,999
mdc-e7e07ca4d7d0d737cc30,Calcetines padrino bautizo,Escribe el nombres y fecha que deseas en las notas del pedido al finalizar la compra. Nos pondremos en contacto para confirmar el diseño.,in stock,new,7.90 EUR,https://www.milesdecolores.com/producto/calcetines-padrino-bautizo,https://images.sumup.com/img_6XZNH23A3X97RRW49013VNV6Y4,Miles de Colores,999
mdc-f030f17934fa7e1f80bc,Pulsera acero madrina,Pulsera acero madrina,in stock,new,9.90 EUR,https://www.milesdecolores.com/producto/pulsera-acero-madrina,https://images.sumup.com/img_4JFKH118Z28XJVAP5WFQ6KK1K8,Miles de Colores,999
mdc-e95faa5618ff206eb379,Tarjeta regalo madera cumpleaños,Escribe el nombre y dibujo que deseas en las notas del pedido al finalizar la compra. Nos pondremos en contacto para confirmar el diseño.,in stock,new,7.90 EUR,https://www.milesdecolores.com/producto/tarjeta-regalo-madera-cumpleanos,https://images.sumup.com/img_1DA6SME5D39WBTD67H4GMN4K4A,Miles de Colores,999
mdc-55044b029de60690ba72,Marco madrina bautizo,Escribe el nombre y dibujo o frase que deseas en las notas del pedido al finalizar la compra. Nos pondremos en contacto para confirmar el diseño.,in stock,new,16.90 EUR,https://www.milesdecolores.com/producto/marco-madrina-bautizo,https://images.sumup.com/img_031GEXJ2KY9M4BMS160P6DKJ3F,Miles de Colores,999
mdc-8db39ac0845d0c295c77,Taza montaña rellena,Escribe el nombre y dibujo que deseas en las notas del pedido al finalizar la compra. Nos pondremos en contacto para confirmar el diseño.,in stock,new,19.90 EUR,https://www.milesdecolores.com/producto/taza-montana-rellena,https://images.sumup.com/img_71PXP79N9H90SAB0W0G1K4S2AW,Miles de Colores,999
mdc-41310d386b1248b0eb39,Caja cumple minnie,Escribe el nombre y dibujo que deseas en las notas del pedido al finalizar la compra. Nos pondremos en contacto para confirmar el diseño.,in stock,new,2.00 EUR,https://www.milesdecolores.com/producto/caja-cumple-minnie,https://images.sumup.com/img_77HVQAV2MJ973SHF5E0YYK1K3Z,Miles de Colores,999
mdc-0bbf3e89f7766fdeee5f,Taza inicial vichy rellena,Escribe el nombre y color que deseas en las notas del pedido al finalizar la compra. Nos pondremos en contacto para confirmar el diseño.,in stock,new,16.90 EUR,https://www.milesdecolores.com/producto/taza-inicial-vichy-rellena,https://images.sumup.com/img_6VYB3ZA1KY85GR6VG78Q4FS7HW,Miles de Colores,999
mdc-6cb98b72a076939c970c,Jarra papá y abuelo,Jarra papá y abuelo,in stock,new,16.90 EUR,https://www.milesdecolores.com/producto/jarra-papa-y-abuelo,https://images.sumup.com/img_7FQJ6DZ60R923SWBNK60V9RP8F,Miles de Colores,999
mdc-2faa44140cf4a2917bf2,Pack fiambrera + botella pitorro,Escribe el nombre y dibujo que deseas en las notas del pedido al finalizar la compra. Nos pondremos en contacto para confirmar el diseño.,in stock,new,21.90 EUR,https://www.milesdecolores.com/producto/pack-fiambrera-botella-pitorro,https://images.sumup.com/img_3JTSGTBXB68BXTT2YHHVTX55KG,Miles de Colores,999
mdc-e3807d7503d379e134e1,Pack camiseta + mochila + botella con pitorro,Escribe el nombre y dibujo que deseas en las notas del pedido al finalizar la compra. Nos pondremos en contacto para confirmar el diseño.,in stock,new,35.90 EUR,https://www.milesdecolores.com/producto/pack-camiseta-mochila-botella-con-pitorro,https://images.sumup.com/img_1R6YD99FHR95ZSJ1M07R37B6R0,Miles de Colores,999
mdc-62583a756083e83e9d1f,Pack fiambrera + botella pajita + toalla,Escribe el nombre y dibujo que deseas en las notas del pedido al finalizar la compra. Nos pondremos en contacto para confirmar el diseño.,in stock,new,37.90 EUR,https://www.milesdecolores.com/producto/pack-fiambrera-botella-pajita-toalla,https://images.sumup.com/img_7B1AH312V29K3SZV2K1AR6BF3G,Miles de Colores,999
mdc-f93e551fc7a77d3c2eff,Jarra jubilado,Jarra jubilado,in stock,new,16.90 EUR,https://www.milesdecolores.com/producto/jarra-jubilado,https://images.sumup.com/img_279B2THR6A97A8561X5P3HJZB0,Miles de Colores,999
mdc-f57c4c82c38072b20a6d,"Jarra ""Papá manitas""",Escribe el nombre que deseas en las notas del pedido al finalizar la compra. Nos pondremos en contacto para confirmar el diseño.,in stock,new,16.90 EUR,https://www.milesdecolores.com/producto/jarra-papa-manitas,https://images.sumup.com/img_2MAFYTBRA78FT8688REM4WXMDD,Miles de Colores,999
mdc-02ca58f6e04f7a9994e3,Colgador de ropa Bob esponja,Escribe el nombre y dibujo que deseas en las notas del pedido al finalizar la compra.,in stock,new,10.90 EUR,https://www.milesdecolores.com/producto/colgador-de-ropa-bob-esponja,https://images.sumup.com/img_7BXZH48QXB80ARZTY67T5RVWYH,Miles de Colores,999
mdc-4183ca3e0061ea1399af,Pack jarra cerveza + cerveza,Escribe el nombre y dibujo que deseas en las notas del pedido al finalizar la compra. Nos pondremos en contacto para confirmar el diseño.,in stock,new,17.90 EUR,https://www.milesdecolores.com/producto/pack-jarra-cerveza-cerveza,https://images.sumup.com/img_1QBM3PXPW49XATSX39GKN6TGQ2,Miles de Colores,999
mdc-745a3b7d2b9c60d516e4,Jarra abuela,Escribe el nombre y dibujo que deseas en las notas del pedido al finalizar la compra. Nos pondremos en contacto para confirmar el diseño.,in stock,new,16.90 EUR,https://www.milesdecolores.com/producto/jarra-abuela,https://images.sumup.com/img_41E5G148S18CB8ZZR319P7BCH3,Miles de Colores,999
mdc-c061bce026e7321126db,Cesta taza + llavero + calcetines,Cesta taza + llavero + calcetines,in stock,new,29.90 EUR,https://www.milesdecolores.com/producto/cesta-taza-llavero-calcetines,https://images.sumup.com/img_483QV75FMG9W7AXF8NBXFSV1VS,Miles de Colores,999
mdc-dd818444f16840051b27,Camiseta Papá moto,Escribe el nombre y dibujo que deseas en las notas del pedido al finalizar la compra. Nos pondremos en contacto para confirmar el diseño.,in stock,new,13.90 EUR,https://www.milesdecolores.com/producto/camiseta-papa-moto,https://images.sumup.com/img_1Z9TQKQ21T91SS8E8K0P7RCQF2,Miles de Colores,999
mdc-d50f4de34829a6e2e3cc,Llavero Papá + Mamá prácticas,Escribe el nombre y dibujo que deseas en las notas del pedido al finalizar la compra. Nos pondremos en contacto para confirmar el diseño.,in stock,new,12.00 EUR,https://www.milesdecolores.com/producto/llavero-papa-mama-practicas,https://images.sumup.com/img_1P59TWNMSX8H7VXAEG0REEGG6Y,Miles de Colores,999
mdc-20f9f033da92b21b40c8,Calcetines papá,Calcetines papá,in stock,new,7.90 EUR,https://www.milesdecolores.com/producto/calcetines-papa,https://images.sumup.com/img_1FECF7X40C8FCV5HGAQV4M9XB8,Miles de Colores,999
mdc-baf880930e54ddd3165e,Taza papá y abuelo rellena,Taza papá y abuelo rellena,in stock,new,16.90 EUR,https://www.milesdecolores.com/producto/taza-papa-y-abuelo-rellena,https://images.sumup.com/img_3YCGQ6MK0Z8Z2BCWMXBC31TRK0,Miles de Colores,999
mdc-1ba483970d5a1d5ebab7,Productos | Miles de Colores,Productos | Miles de Colores,in stock,new,9.00 EUR,https://www.milesdecolores.com/productos,https://cdn.sumup.store/shops/02618023/settings/th240/60f311df-799f-4d95-aeac-67512adacd8c.png,Miles de Colores,999
mdc-27bf71aa221bbeccf64b,"articulos personalizados,detalles,bebes,navidad,niños,cumple","articulos personalizados,detalles,bebes,navidad,niños,cumpleaños",in stock,new,2026.00 EUR,https://www.milesdecolores.com/,https://www.milesdecolores.com,Miles de Colores,999
